broadcast_id,event_date,sport,network,country,duration_minutes,live_viewers,peak_viewers,ad_revenue_usd,stream_quality
18,2025-01-01,Football,Arena TV,UK,90,2769218,2849421,122406.08,4K
59,2025-01-03,Cricket,Prime Sports,Canada,150,944119,967825,60885.69,HD
87,2025-01-08,Football,SportsNet,Canada,120,4530649,6110525,85451.7,HD
3,2025-01-14,Baseball,Global Sports,USA,150,4758064,6159945,113806.4,HD
71,2025-01-27,Football,SportsNet,India,90,2985680,3283293,76718.69,HD
26,2025-01-28,Basketball,SportsNet,USA,90,875588,958860,12470.9,Full HD
22,2025-02-02,Baseball,Prime Sports,Canada,90,2886067,2896443,33110.11,4K
76,2025-02-05,Football,Global Sports,Australia,60,4294306,5225147,237595.48,Full HD
36,2025-02-07,Basketball,Prime Sports,UK,60,4560004,6564741,113638.96,Full HD
19,2025-02-10,Football,Star Play,USA,90,768513,1022026,47058.77,4K
6,2025-02-10,Baseball,Arena TV,Canada,90,4680852,6329850,142871.21,HD
40,2025-02-17,Football,SportsNet,UK,90,3603211,4751037,245214.24,Full HD
28,2025-02-20,Baseball,SportsNet,India,90,474365,513811,26398.48,Full HD
35,2025-03-09,Football,SportsNet,Australia,180,2566557,3847852,107810.07,HD
69,2025-03-11,Basketball,Global Sports,UK,90,3923007,4814901,89134.77,Full HD
42,2025-03-18,Basketball,Star Play,Canada,90,4626743,5620999,57935.94,HD
32,2025-03-22,Football,Prime Sports,India,180,527140,545052,40723.95,HD
93,2025-03-22,Football,Prime Sports,India,150,2062134,2526633,45711.22,4K
4,2025-03-23,Cricket,Prime Sports,UK,60,3595146,3761863,121578.98,HD
20,2025-03-26,Baseball,Global Sports,USA,180,2273456,3131987,106709.58,4K
56,2025-03-28,Baseball,Arena TV,India,90,761316,1017421,22736.74,HD
49,2025-04-02,Basketball,SportsNet,India,180,4920339,5989439,380723.05,4K
85,2025-04-09,Baseball,Prime Sports,USA,90,2697008,3693019,49540.89,Full HD
57,2025-04-12,Cricket,Global Sports,Canada,60,1286094,1578948,15059.87,4K
21,2025-04-13,Basketball,Global Sports,Canada,150,2664865,2826094,101076.89,HD
67,2025-04-23,Football,Global Sports,UK,150,2339547,3186675,94771.58,Full HD
9,2025-05-06,Basketball,Star Play,USA,120,1420719,2019446,60179.12,HD
96,2025-05-17,Cricket,Arena TV,Canada,180,1243164,1815760,18645.83,Full HD
39,2025-05-20,Basketball,Prime Sports,UK,180,2413542,3003088,126320.17,HD
81,2025-05-22,Cricket,SportsNet,USA,150,4712313,5863478,50471.6,HD
37,2025-05-26,Baseball,Arena TV,Canada,180,1373276,1378647,55855.15,4K
63,2025-05-27,Basketball,Star Play,India,90,2017074,2169192,58535.6,Full HD
17,2025-06-02,Cricket,Arena TV,USA,180,4308584,6362700,226751.79,4K
38,2025-06-03,Cricket,Arena TV,India,60,918946,1260066,69587.28,HD
92,2025-06-06,Baseball,SportsNet,USA,90,4820009,5457807,257735.1,HD
43,2025-06-07,Football,Arena TV,USA,90,3108918,4145638,226729.36,Full HD
50,2025-06-10,Baseball,SportsNet,Australia,180,3710737,4063403,194571.08,HD
80,2025-06-16,Basketball,Arena TV,UK,120,1575383,2268803,69519.28,4K
52,2025-06-19,Football,Arena TV,Canada,120,2683315,3578056,151438.58,Full HD
48,2025-06-29,Baseball,Arena TV,India,60,4323204,6219011,164184.42,Full HD
5,2025-07-03,Football,Global Sports,Canada,60,2935309,4363506,153401.66,Full HD
8,2025-07-06,Cricket,Arena TV,India,180,1414441,1863510,50796.35,4K
73,2025-07-08,Football,Prime Sports,UK,60,1457517,1879238,76392.09,Full HD
46,2025-07-15,Cricket,Prime Sports,Australia,120,374845,432044,26277.21,HD
53,2025-07-26,Cricket,Global Sports,Australia,90,2530135,3308802,123493.04,Full HD
33,2025-07-26,Baseball,Prime Sports,Canada,180,1055681,1076658,80138.57,HD
54,2025-07-27,Basketball,Arena TV,USA,150,4646430,6471916,317633.49,4K
34,2025-08-03,Basketball,Arena TV,USA,120,4946198,5536491,245162.68,Full HD
100,2025-08-15,Baseball,Global Sports,Australia,60,2383346,2943444,54112.06,Full HD
30,2025-08-21,Baseball,Global Sports,USA,90,2442843,2805248,96762.29,HD
16,2025-08-21,Basketball,Star Play,USA,180,77223,112460,5928.19,4K
94,2025-08-29,Basketball,Arena TV,Australia,60,2493260,3350174,30629.18,Full HD
29,2025-09-04,Football,Prime Sports,Australia,60,1843042,2751024,129981.51,Full HD
78,2025-09-05,Baseball,Arena TV,UK,90,3949643,5590188,159921.89,HD
24,2025-09-06,Baseball,Star Play,Australia,90,1847148,2571802,88194.62,Full HD
13,2025-09-18,Football,SportsNet,USA,90,4189910,5849280,68562.26,Full HD
2,2025-10-07,Football,SportsNet,India,90,779295,869950,40004.7,4K
44,2025-10-14,Cricket,Prime Sports,USA,90,3458940,4983322,270380.47,HD
12,2025-10-15,Baseball,Global Sports,Canada,150,4571269,5398660,129787.07,HD
74,2025-10-22,Cricket,SportsNet,Canada,90,3198302,3361257,120786.47,Full HD
99,2025-10-22,Basketball,Star Play,India,90,4975144,6145548,380872.35,4K
31,2025-10-24,Basketball,SportsNet,India,180,4598263,5694462,65603.56,4K
86,2025-10-29,Football,Prime Sports,UK,90,4450973,5254108,230450.69,Full HD
14,2025-11-02,Baseball,Global Sports,Canada,120,582909,865934,21528.99,HD
98,2025-11-03,Basketball,Star Play,UK,60,384376,401927,27774.86,4K
61,2025-11-10,Baseball,Global Sports,USA,150,4284386,5248522,170826.41,HD
95,2025-11-17,Cricket,Global Sports,India,180,4997513,5559257,281274.09,HD
90,2025-11-19,Baseball,Arena TV,India,90,499705,529300,10304.36,Full HD
23,2025-11-20,Football,Arena TV,India,180,543868,608589,14154.67,4K
62,2025-11-23,Baseball,Global Sports,USA,120,2376256,2898880,151146.42,4K
88,2025-11-23,Football,Star Play,UK,150,4167788,5165377,71607.33,Full HD
1,2025-11-24,Basketball,Prime Sports,USA,90,983912,1346223,11561.71,4K
7,2025-12-05,Football,Prime Sports,India,150,1961749,2234406,125777.11,4K
15,2025-12-15,Baseball,Arena TV,UK,60,1010929,1159282,58350.54,HD
75,2025-12-17,Baseball,SportsNet,UK,180,1065483,1293697,70040.49,Full HD
83,2025-12-21,Baseball,Arena TV,Australia,180,2090991,2646067,65729.09,Full HD
64,2025-12-22,Football,Global Sports,Australia,120,1331823,1693153,79176.0,Full HD
51,2025-12-29,Baseball,Prime Sports,UK,150,3707915,3837643,37518.13,4K
